               epoch,      train/box_loss,      train/obj_loss,      train/cls_loss,   metrics/precision,      metrics/recall,     metrics/mAP_0.5,metrics/mAP_0.5:0.95,        val/box_loss,        val/obj_loss,        val/cls_loss,               x/lr0,               x/lr1,               x/lr2
                   0,             0.10695,            0.061642,            0.038154,           0.0011931,              0.1553,           0.0011256,          0.00028632,             0.10061,            0.028347,            0.037253,              0.0883,              0.0013,              0.0013
                   1,             0.10411,            0.058431,            0.037981,           0.0017576,             0.19949,           0.0018276,          0.00041942,            0.098078,            0.029311,            0.037097,            0.075687,           0.0026866,           0.0026866
                   2,             0.10026,            0.066307,            0.037617,            0.002003,             0.20581,           0.0017548,          0.00035674,            0.095346,              0.0305,            0.036932,            0.063059,           0.0040594,           0.0040594
                   3,             0.09818,             0.06175,            0.037423,           0.0025926,            0.093434,           0.0017313,          0.00018882,            0.093238,            0.031206,            0.036777,            0.050418,           0.0054183,           0.0054183
                   4,             0.09651,            0.068303,            0.037011,            0.002788,             0.21717,           0.0022444,          0.00054846,            0.091401,            0.031947,            0.036575,            0.037763,           0.0067634,           0.0067634
                   5,            0.094936,            0.074514,            0.036602,           0.0024706,             0.19697,           0.0017844,          0.00047733,            0.090056,            0.033034,             0.03631,            0.025095,           0.0080946,           0.0080946
                   6,            0.094954,            0.070428,            0.036387,           0.0026839,             0.20328,           0.0023216,          0.00056779,            0.089731,            0.033846,            0.036081,            0.012412,           0.0094119,           0.0094119
                   7,            0.092587,            0.065851,            0.036204,           0.0021689,             0.17677,            0.004953,           0.0035247,            0.089798,            0.033446,            0.035788,           0.0096535,           0.0096535,           0.0096535
                   8,            0.092469,            0.071748,            0.035875,           0.0070267,            0.027778,           0.0051007,           0.0010146,            0.090473,            0.033072,            0.035641,           0.0096535,           0.0096535,           0.0096535
                   9,            0.091411,            0.071836,            0.035508,            0.003202,             0.19231,            0.002886,          0.00066673,             0.09695,            0.030784,            0.036575,            0.009604,            0.009604,            0.009604
                  10,              0.0909,            0.069364,            0.035433,            0.094333,            0.037879,            0.033596,           0.0051641,            0.096666,            0.031693,            0.036191,           0.0095545,           0.0095545,           0.0095545
                  11,            0.090058,            0.068793,            0.035083,           0.0028792,             0.20523,           0.0032897,          0.00077736,            0.096579,            0.034033,            0.037473,            0.009505,            0.009505,            0.009505
                  12,            0.090141,            0.069415,            0.034618,            0.022308,            0.013889,           0.0055801,             0.00165,            0.095678,            0.035496,            0.037152,           0.0094555,           0.0094555,           0.0094555
                  13,            0.090508,            0.072563,            0.034362,           0.0078437,            0.034091,           0.0027625,          0.00085235,            0.098878,            0.035561,            0.039844,            0.009406,            0.009406,            0.009406
                  14,            0.089728,            0.072106,            0.033939,            0.014643,             0.04798,           0.0063319,           0.0015049,            0.095211,            0.034213,            0.037802,           0.0093565,           0.0093565,           0.0093565
                  15,            0.090046,            0.074841,            0.033649,            0.036367,            0.027778,            0.015756,           0.0028043,            0.092714,            0.034877,            0.034488,            0.009307,            0.009307,            0.009307
                  16,            0.088411,            0.069447,            0.033436,           0.0039553,             0.26875,            0.007403,           0.0017195,            0.088654,            0.033962,            0.032854,           0.0092575,           0.0092575,           0.0092575
                  17,            0.088627,            0.072921,            0.033297,           0.0071389,             0.14336,           0.0093759,           0.0024135,            0.089227,            0.038404,            0.031664,            0.009208,            0.009208,            0.009208
                  18,            0.087303,            0.073651,            0.032756,           0.0033107,             0.22387,           0.0034187,          0.00069492,            0.089148,             0.04262,            0.031439,           0.0091585,           0.0091585,           0.0091585
                  19,            0.085939,            0.073472,            0.032797,           0.0082269,             0.19163,           0.0075009,           0.0016925,            0.089304,            0.035922,            0.032666,            0.009109,            0.009109,            0.009109
                  20,            0.086087,            0.072578,            0.032793,             0.43949,            0.013889,            0.023187,           0.0064789,             0.08854,            0.041898,            0.031696,           0.0090595,           0.0090595,           0.0090595
                  21,            0.085773,            0.073584,            0.032718,            0.003948,             0.28798,           0.0039583,          0.00096724,            0.087702,            0.042588,            0.030862,             0.00901,             0.00901,             0.00901
                  22,            0.086223,            0.068907,            0.032408,           0.0038315,             0.26175,           0.0031232,          0.00092593,            0.088214,            0.044135,            0.031018,           0.0089605,           0.0089605,           0.0089605
                  23,            0.083681,            0.068739,            0.032155,           0.0042513,             0.29808,           0.0043087,           0.0011305,            0.086443,            0.039938,            0.030885,            0.008911,            0.008911,            0.008911
                  24,            0.084648,            0.067723,            0.032489,           0.0036272,             0.27088,           0.0039751,           0.0011197,             0.08771,            0.042459,            0.031224,           0.0088615,           0.0088615,           0.0088615
                  25,            0.082537,             0.07061,            0.032289,           0.0054629,             0.40861,           0.0074217,           0.0019255,            0.086234,            0.037134,             0.03149,            0.008812,            0.008812,            0.008812
                  26,              0.0822,            0.071141,             0.03185,             0.67007,            0.013889,           0.0044525,          0.00094718,            0.087477,            0.044967,            0.031339,           0.0087625,           0.0087625,           0.0087625
                  27,            0.084403,            0.072445,            0.032407,            0.013305,            0.096057,           0.0070443,           0.0021672,            0.086564,            0.034684,            0.033142,            0.008713,            0.008713,            0.008713
                  28,            0.082219,            0.069946,            0.031722,           0.0057454,            0.013889,           0.0080896,           0.0030383,            0.087077,            0.033337,            0.033023,           0.0086635,           0.0086635,           0.0086635
                  29,            0.081714,             0.07407,            0.031975,            0.011921,            0.051768,           0.0081669,           0.0017278,            0.087272,            0.033266,            0.032721,            0.008614,            0.008614,            0.008614
                  30,            0.080756,             0.07879,            0.031562,            0.015921,            0.056527,           0.0071453,           0.0021226,            0.087956,            0.032905,            0.032831,           0.0085645,           0.0085645,           0.0085645
                  31,            0.081484,            0.074915,            0.031474,             0.35631,            0.027778,            0.016155,           0.0056345,            0.087569,            0.035213,             0.03175,            0.008515,            0.008515,            0.008515
                  32,            0.079461,            0.069036,             0.03153,            0.026473,            0.027778,            0.015002,           0.0049465,            0.086172,            0.033801,            0.031947,           0.0084655,           0.0084655,           0.0084655
                  33,            0.080308,            0.074982,            0.031234,           0.0072575,             0.29711,           0.0077531,           0.0020656,            0.083925,            0.037901,            0.031398,            0.008416,            0.008416,            0.008416
                  34,            0.080183,            0.068017,            0.031554,             0.68574,            0.027778,            0.019192,           0.0041948,            0.086103,            0.039622,            0.031494,           0.0083665,           0.0083665,           0.0083665
                  35,            0.079112,            0.071689,             0.03112,            0.035911,             0.14938,             0.01593,           0.0042515,            0.082673,            0.039899,            0.030844,            0.008317,            0.008317,            0.008317
                  36,            0.078264,            0.070568,            0.031064,            0.024057,             0.10354,            0.013173,           0.0034749,            0.082946,            0.039422,             0.03186,           0.0082675,           0.0082675,           0.0082675
                  37,            0.077898,            0.067317,            0.030852,            0.052253,            0.084153,            0.015024,           0.0043907,            0.083556,            0.040473,            0.030826,            0.008218,            0.008218,            0.008218
                  38,            0.076458,            0.071193,            0.030661,           0.0062575,            0.027778,           0.0085696,           0.0019256,             0.08716,            0.039403,            0.032565,           0.0081685,           0.0081685,           0.0081685
                  39,            0.076802,            0.073655,            0.030279,            0.052827,            0.094794,            0.029034,           0.0055626,            0.082947,            0.039132,            0.031311,            0.008119,            0.008119,            0.008119
                  40,            0.076203,            0.073999,            0.030489,            0.024832,            0.083722,            0.011761,           0.0033007,            0.082896,            0.043735,            0.031448,           0.0080695,           0.0080695,           0.0080695
                  41,            0.076306,            0.073338,            0.030295,            0.022263,            0.049631,            0.024513,           0.0059744,            0.082275,            0.043142,            0.030093,             0.00802,             0.00802,             0.00802
                  42,             0.07512,            0.067703,            0.029955,            0.046734,             0.13869,            0.017522,           0.0051116,            0.083576,            0.037024,            0.031197,           0.0079705,           0.0079705,           0.0079705
                  43,            0.076179,            0.072601,            0.030038,            0.015012,             0.10247,            0.011599,           0.0029959,            0.083128,            0.039622,             0.03073,            0.007921,            0.007921,            0.007921
                  44,            0.075221,            0.069046,            0.029736,             0.02128,             0.20911,            0.023542,           0.0052249,            0.084186,            0.040106,            0.030757,           0.0078715,           0.0078715,           0.0078715
                  45,            0.075413,            0.072133,            0.029419,             0.02615,             0.09392,            0.024917,            0.010273,            0.081707,            0.042749,            0.030144,            0.007822,            0.007822,            0.007822
                  46,            0.074035,            0.071821,            0.029196,            0.038277,            0.097708,            0.027898,           0.0089403,            0.081117,            0.037024,            0.029544,           0.0077725,           0.0077725,           0.0077725
                  47,            0.074371,            0.070757,            0.028699,            0.060218,            0.044872,            0.034509,            0.011784,            0.083493,            0.043136,            0.029745,            0.007723,            0.007723,            0.007723
                  48,            0.073914,            0.068836,            0.028364,            0.040365,             0.12286,            0.047692,            0.013676,            0.084368,            0.039216,            0.030309,           0.0076735,           0.0076735,           0.0076735
                  49,            0.073573,            0.068473,            0.028663,            0.034803,            0.075855,            0.035422,            0.013659,            0.083568,            0.038823,             0.03062,            0.007624,            0.007624,            0.007624
                  50,            0.072933,            0.075041,            0.028732,            0.095436,            0.061966,            0.043216,             0.01742,            0.083065,            0.037875,            0.030309,           0.0075745,           0.0075745,           0.0075745
                  51,            0.073938,            0.068452,            0.028471,            0.087378,            0.067308,             0.04638,             0.01196,             0.08423,            0.039532,            0.029132,            0.007525,            0.007525,            0.007525
                  52,            0.072563,            0.070472,            0.027384,            0.054854,             0.12549,            0.036059,            0.010829,            0.083062,            0.037907,             0.02942,           0.0074755,           0.0074755,           0.0074755
                  53,            0.074398,            0.069994,            0.027709,            0.060066,             0.13937,            0.074785,            0.026227,            0.082316,            0.038494,            0.029022,            0.007426,            0.007426,            0.007426
                  54,            0.072625,            0.067956,            0.028179,            0.035902,             0.16871,             0.03297,           0.0091367,            0.083261,            0.045044,             0.02785,           0.0073765,           0.0073765,           0.0073765
                  55,            0.071776,             0.07619,             0.02678,            0.045791,             0.21513,            0.040384,            0.012072,            0.082739,            0.046662,            0.028619,            0.007327,            0.007327,            0.007327
                  56,            0.071409,            0.065427,            0.026831,            0.093984,              0.1826,            0.048258,            0.012117,             0.08456,             0.03772,            0.028738,           0.0072775,           0.0072775,           0.0072775
                  57,            0.071605,            0.068502,            0.025815,            0.098756,             0.11571,            0.052611,            0.017297,            0.081229,            0.036805,            0.030167,            0.007228,            0.007228,            0.007228
                  58,             0.07137,            0.071399,            0.025057,            0.082386,             0.12102,            0.040131,            0.012238,            0.080171,            0.036702,            0.029453,           0.0071785,           0.0071785,           0.0071785
                  59,            0.071807,            0.068342,            0.026111,             0.10719,             0.22471,            0.061544,            0.017817,            0.079935,            0.037604,            0.027946,            0.007129,            0.007129,            0.007129
                  60,            0.070879,            0.067004,            0.025254,            0.053545,             0.12694,            0.026536,           0.0067679,            0.084052,            0.035174,            0.031197,           0.0070795,           0.0070795,           0.0070795
                  61,            0.070179,            0.064325,            0.025015,            0.088491,             0.10781,            0.047727,            0.015595,            0.081176,            0.035122,            0.029599,             0.00703,             0.00703,             0.00703
                  62,            0.070782,            0.074451,            0.024619,            0.046346,             0.16871,            0.045936,            0.015535,            0.081088,            0.035612,            0.028464,           0.0069805,           0.0069805,           0.0069805
                  63,            0.069721,            0.068525,            0.025494,            0.063926,             0.12014,            0.040292,             0.01338,            0.079379,             0.03792,            0.028853,            0.006931,            0.006931,            0.006931
                  64,             0.07044,            0.067667,            0.024336,            0.055309,             0.13547,             0.03675,            0.013033,            0.081726,            0.036122,            0.029146,           0.0068815,           0.0068815,           0.0068815
                  65,            0.068716,            0.066647,            0.023606,            0.087597,             0.16861,            0.054726,            0.014847,            0.083929,            0.046675,            0.028487,            0.006832,            0.006832,            0.006832
                  66,            0.069391,            0.067158,            0.023985,            0.082083,             0.12539,            0.056615,            0.020032,            0.082067,            0.034407,            0.028995,           0.0067825,           0.0067825,           0.0067825
                  67,            0.068747,            0.066586,            0.023242,            0.078557,             0.13238,            0.071534,            0.019795,            0.079948,            0.036193,             0.02915,            0.006733,            0.006733,            0.006733
                  68,            0.068167,            0.063593,            0.023015,            0.083129,             0.19425,            0.090581,             0.02425,            0.083483,            0.042607,            0.026225,           0.0066835,           0.0066835,           0.0066835
                  69,            0.069095,            0.064885,            0.023197,             0.16162,               0.152,            0.079251,            0.025495,            0.079782,            0.035851,            0.028065,            0.006634,            0.006634,            0.006634
                  70,            0.067558,             0.06604,            0.023396,             0.11878,            0.089161,             0.05003,            0.017179,            0.084427,            0.039377,            0.028999,           0.0065845,           0.0065845,           0.0065845
                  71,            0.067694,             0.07049,            0.022295,             0.16678,             0.12014,            0.092791,            0.022575,            0.079315,            0.039139,            0.028107,            0.006535,            0.006535,            0.006535
                  72,            0.069296,            0.066303,            0.022598,             0.12604,             0.19279,             0.12119,            0.038872,            0.079293,            0.036934,            0.027663,           0.0064855,           0.0064855,           0.0064855
                  73,            0.068185,            0.066069,            0.022456,            0.054909,             0.14035,            0.053233,             0.01392,             0.08103,            0.034761,            0.029205,            0.006436,            0.006436,            0.006436
                  74,            0.067041,            0.068959,            0.022606,            0.086812,               0.213,            0.070192,            0.023963,            0.079305,            0.035354,            0.030487,           0.0063865,           0.0063865,           0.0063865
                  75,            0.067689,            0.065219,            0.022063,             0.21844,            0.099262,            0.065371,            0.025655,            0.082535,            0.032924,            0.029604,            0.006337,            0.006337,            0.006337
                  76,            0.066948,            0.065579,            0.021632,             0.26395,             0.16113,             0.10696,            0.036083,            0.081709,            0.032969,            0.028532,           0.0062875,           0.0062875,           0.0062875
                  77,            0.063675,            0.061833,            0.020747,             0.26616,             0.16055,             0.10926,            0.039671,            0.080809,             0.03364,            0.027013,            0.006238,            0.006238,            0.006238
                  78,            0.066128,             0.06733,            0.020054,             0.10867,             0.16434,            0.071656,            0.025429,            0.080952,            0.033627,            0.030972,           0.0061885,           0.0061885,           0.0061885
                  79,            0.065715,             0.06579,            0.021022,             0.19435,             0.13746,             0.11113,            0.033829,            0.082658,            0.036998,            0.029132,            0.006139,            0.006139,            0.006139
                  80,            0.064471,            0.059812,            0.020851,              0.2047,             0.13869,             0.12593,            0.042304,            0.078745,            0.035367,            0.028143,           0.0060895,           0.0060895,           0.0060895
                  81,            0.063691,            0.065809,            0.019323,             0.23604,             0.13112,             0.10184,            0.031255,            0.080442,            0.035774,            0.028436,             0.00604,             0.00604,             0.00604
                  82,            0.066474,            0.062709,            0.021119,              0.1498,             0.21766,             0.10386,            0.029352,            0.079967,            0.034026,            0.026363,           0.0059905,           0.0059905,           0.0059905
                  83,            0.064704,            0.066084,            0.020142,             0.44735,              0.1804,             0.15928,            0.048526,            0.079742,            0.035284,            0.029814,            0.005941,            0.005941,            0.005941
                  84,            0.064812,            0.063716,            0.020046,             0.23265,             0.18075,             0.13608,            0.042115,            0.080805,            0.032376,            0.028619,           0.0058915,           0.0058915,           0.0058915
                  85,            0.063196,            0.059899,            0.019328,             0.20426,             0.13335,            0.092386,            0.030409,            0.081548,            0.032466,            0.030753,            0.005842,            0.005842,            0.005842
                  86,            0.064914,            0.062634,            0.018278,              0.2345,             0.11092,            0.093597,             0.02954,            0.081191,            0.033607,            0.029109,           0.0057925,           0.0057925,           0.0057925
                  87,            0.065041,            0.061111,             0.01943,             0.21059,             0.21076,             0.14834,            0.043489,            0.081444,            0.036006,            0.028427,            0.005743,            0.005743,            0.005743
                  88,            0.063992,            0.062175,            0.017837,             0.17827,             0.15103,              0.1158,            0.041001,            0.083279,            0.033504,            0.029604,           0.0056935,           0.0056935,           0.0056935
                  89,            0.064044,            0.063234,            0.018926,             0.12553,             0.17599,            0.075387,             0.02463,            0.081084,            0.036612,            0.032217,            0.005644,            0.005644,            0.005644
                  90,            0.062851,            0.061914,            0.018529,             0.14914,             0.19464,            0.090162,            0.033301,            0.081244,            0.033214,            0.032611,           0.0055945,           0.0055945,           0.0055945
                  91,            0.063261,            0.061623,            0.018181,             0.18316,             0.11189,            0.096891,            0.031002,             0.08317,            0.032789,            0.029631,            0.005545,            0.005545,            0.005545
                  92,            0.063972,            0.062169,            0.018602,             0.25099,             0.20221,                0.16,            0.045975,            0.081715,            0.033814,            0.028079,           0.0054955,           0.0054955,           0.0054955
                  93,              0.0632,            0.063783,            0.017779,             0.12904,             0.13335,            0.086503,             0.02463,            0.084224,            0.037701,            0.029594,            0.005446,            0.005446,            0.005446
                  94,            0.063035,            0.060979,            0.017568,             0.52008,             0.15579,             0.14613,             0.05586,            0.082521,            0.034768,            0.029626,           0.0053965,           0.0053965,           0.0053965
                  95,            0.061827,            0.062797,            0.017796,             0.32503,             0.16268,              0.1416,            0.039731,            0.085305,            0.032988,            0.028491,            0.005347,            0.005347,            0.005347
                  96,            0.062865,            0.061565,            0.018025,             0.19938,             0.13869,             0.11105,            0.032651,            0.083275,            0.032473,            0.030167,           0.0052975,           0.0052975,           0.0052975
                  97,            0.061583,            0.061393,            0.018061,             0.11338,              0.1823,            0.083962,            0.027276,            0.082655,            0.032241,            0.030423,            0.005248,            0.005248,            0.005248
                  98,            0.061304,             0.05934,            0.016719,             0.33972,             0.20724,             0.18123,            0.059936,            0.082764,            0.030506,            0.028711,           0.0051985,           0.0051985,           0.0051985
                  99,            0.058492,            0.055939,            0.016213,             0.21752,              0.2028,             0.12064,            0.032261,            0.084076,            0.031299,            0.028784,            0.005149,            0.005149,            0.005149
                 100,            0.060636,            0.061066,            0.017051,             0.16594,             0.17123,              0.1103,            0.032368,            0.084741,            0.033021,            0.029105,           0.0050995,           0.0050995,           0.0050995
                 101,            0.059545,            0.059141,            0.016965,             0.27888,            0.097302,            0.099128,            0.028686,            0.080913,            0.034452,            0.027658,             0.00505,             0.00505,             0.00505
                 102,             0.05993,             0.06123,            0.017009,             0.19253,             0.21178,             0.15581,            0.043433,            0.079883,            0.033466,            0.029343,           0.0050005,           0.0050005,           0.0050005
                 103,            0.060197,            0.057428,            0.016579,             0.36605,             0.20234,             0.14635,            0.038823,            0.080174,            0.032943,            0.028665,            0.004951,            0.004951,            0.004951
                 104,            0.060063,            0.057555,            0.017152,             0.28889,             0.21748,             0.16529,            0.058374,            0.082151,            0.032511,            0.029805,           0.0049015,           0.0049015,           0.0049015
                 105,            0.059248,              0.0548,            0.016125,             0.37665,             0.17725,             0.18023,            0.050905,            0.081751,            0.032453,            0.029443,            0.004852,            0.004852,            0.004852
                 106,            0.060184,            0.059916,            0.015976,             0.20796,               0.152,             0.10996,            0.026541,            0.081885,            0.032673,            0.029585,           0.0048025,           0.0048025,           0.0048025
                 107,            0.058498,            0.056031,            0.015275,             0.34971,             0.21278,             0.18237,            0.051547,            0.082496,            0.031802,            0.030588,            0.004753,            0.004753,            0.004753
                 108,            0.058517,            0.060421,            0.015482,              0.2734,             0.17225,             0.13995,            0.037677,             0.08282,            0.031828,             0.03149,           0.0047035,           0.0047035,           0.0047035
                 109,            0.059209,            0.057688,            0.015901,             0.33116,             0.14368,             0.13655,            0.043234,            0.083083,            0.031615,            0.028922,            0.004654,            0.004654,            0.004654
                 110,            0.058165,            0.060029,            0.014892,             0.22454,              0.2262,             0.17109,            0.048389,            0.079309,            0.032318,            0.029237,           0.0046045,           0.0046045,           0.0046045
                 111,            0.059423,            0.056555,            0.015258,             0.44554,             0.14248,             0.15443,            0.042642,            0.082814,            0.031196,            0.031604,            0.004555,            0.004555,            0.004555
                 112,            0.057021,            0.055996,            0.014814,             0.22842,             0.17754,             0.13589,            0.037349,            0.081766,            0.033807,            0.028592,           0.0045055,           0.0045055,           0.0045055
                 113,            0.056628,            0.055628,            0.014439,             0.24272,             0.18345,             0.12156,             0.03547,            0.084255,            0.032318,            0.029439,            0.004456,            0.004456,            0.004456
                 114,              0.0584,            0.060041,              0.0149,             0.39367,             0.24272,              0.2085,            0.056608,            0.081808,            0.033324,             0.02991,           0.0044065,           0.0044065,           0.0044065
                 115,            0.058397,            0.057941,            0.015494,             0.18455,             0.28308,             0.16437,            0.044643,            0.081863,            0.032789,            0.029018,            0.004357,            0.004357,            0.004357
                 116,            0.056212,            0.052863,             0.01444,             0.27767,             0.15479,              0.1667,            0.053315,            0.084744,            0.031016,            0.031659,           0.0043075,           0.0043075,           0.0043075
                 117,             0.05676,            0.054961,            0.014662,             0.23312,             0.18206,             0.16847,            0.055373,            0.082838,            0.030848,            0.030423,            0.004258,            0.004258,            0.004258
                 118,            0.057117,            0.056349,            0.014216,             0.22008,             0.14248,             0.11438,            0.040989,            0.085233,            0.031422,            0.031874,           0.0042085,           0.0042085,           0.0042085
                 119,            0.056729,            0.053922,            0.015411,             0.30965,             0.21445,             0.22037,            0.069822,            0.085376,            0.030158,            0.030954,            0.004159,            0.004159,            0.004159
                 120,            0.055426,            0.054371,            0.014153,             0.18687,             0.24165,              0.1233,            0.037518,            0.082222,            0.032511,            0.030899,           0.0041095,           0.0041095,           0.0041095
                 121,            0.056427,            0.056313,            0.014955,             0.30775,             0.22374,             0.17753,             0.04938,            0.081019,            0.031583,            0.031682,             0.00406,             0.00406,             0.00406
                 122,            0.056071,            0.054383,            0.014331,             0.39938,             0.22776,             0.18929,            0.057974,            0.082223,            0.031448,            0.030377,           0.0040105,           0.0040105,           0.0040105
                 123,            0.055483,            0.051338,            0.013631,             0.33957,             0.26408,             0.19759,            0.047921,            0.081629,            0.032344,            0.027644,            0.003961,            0.003961,            0.003961
                 124,            0.057027,            0.056386,            0.014553,             0.36157,             0.26253,             0.18302,            0.049967,             0.08145,            0.032988,            0.030931,           0.0039115,           0.0039115,           0.0039115
                 125,            0.056079,            0.052942,             0.01468,             0.41644,             0.20959,             0.19142,            0.059211,            0.082967,            0.032569,            0.031842,            0.003862,            0.003862,            0.003862
                 126,            0.055855,            0.056269,            0.013701,             0.44992,             0.19367,             0.20097,            0.052893,            0.083365,            0.033195,            0.029874,           0.0038125,           0.0038125,           0.0038125
                 127,            0.053846,            0.052924,             0.01346,             0.28038,             0.17599,             0.14113,            0.045155,            0.083746,            0.032402,            0.030629,            0.003763,            0.003763,            0.003763
                 128,            0.056101,            0.057156,            0.013985,             0.19532,             0.20374,             0.10236,            0.029945,            0.084923,            0.033001,            0.030446,           0.0037135,           0.0037135,           0.0037135
                 129,            0.053537,            0.055736,            0.013583,             0.22375,             0.13869,             0.10565,            0.033643,            0.084468,             0.03255,            0.031215,            0.003664,            0.003664,            0.003664
                 130,            0.055061,            0.054121,            0.013555,             0.35683,             0.17881,             0.17143,            0.050746,            0.083246,             0.03217,            0.031458,           0.0036145,           0.0036145,           0.0036145
                 131,            0.055006,            0.050798,            0.013785,             0.24565,             0.25078,             0.15832,            0.044397,             0.08404,            0.032395,            0.032758,            0.003565,            0.003565,            0.003565
                 132,            0.053849,            0.056186,            0.012997,             0.27708,             0.19202,              0.1401,              0.0451,            0.085639,            0.032073,            0.033376,           0.0035155,           0.0035155,           0.0035155
                 133,            0.053897,             0.05556,            0.013603,             0.19562,             0.20159,             0.13313,            0.043115,            0.085513,            0.031241,            0.033952,            0.003466,            0.003466,            0.003466
                 134,            0.054459,            0.057091,            0.014027,             0.29243,             0.22909,             0.17814,            0.063782,            0.085196,            0.031287,            0.032401,           0.0034165,           0.0034165,           0.0034165
                 135,            0.055361,            0.051806,            0.013584,             0.21492,             0.13559,             0.11354,            0.035311,            0.083452,            0.032247,            0.032639,            0.003367,            0.003367,            0.003367
                 136,            0.053912,            0.051227,            0.012908,             0.34607,             0.17161,             0.15465,            0.043802,            0.083777,            0.031686,             0.03343,           0.0033175,           0.0033175,           0.0033175
                 137,            0.053783,            0.052121,             0.01337,             0.28767,             0.20727,              0.1599,            0.044174,            0.084223,            0.031925,            0.031961,            0.003268,            0.003268,            0.003268
                 138,            0.054191,            0.055509,            0.013741,             0.22731,             0.17657,             0.12962,            0.039434,            0.082877,            0.032486,            0.030959,           0.0032185,           0.0032185,           0.0032185
                 139,            0.053384,            0.054473,            0.013087,             0.41859,             0.20056,             0.17695,            0.049707,            0.083067,            0.032395,            0.030116,            0.003169,            0.003169,            0.003169
                 140,            0.053629,            0.054172,            0.013296,             0.19862,             0.19046,             0.14322,            0.045429,            0.085453,            0.031596,            0.031705,           0.0031195,           0.0031195,           0.0031195
                 141,            0.052336,            0.052641,            0.012854,             0.20507,             0.19046,              0.1632,            0.053991,            0.084818,            0.031789,            0.031604,             0.00307,             0.00307,             0.00307
                 142,            0.052471,            0.055003,            0.013015,             0.30896,              0.1589,             0.15603,            0.044774,            0.083162,            0.032563,            0.031787,           0.0030205,           0.0030205,           0.0030205
                 143,            0.052995,            0.054098,            0.013221,             0.29051,             0.23533,             0.17918,            0.057049,            0.085072,            0.031125,            0.032419,            0.002971,            0.002971,            0.002971
                 144,            0.052061,            0.047574,             0.01304,             0.34206,             0.23439,             0.18591,             0.05204,            0.084598,            0.031396,            0.032089,           0.0029215,           0.0029215,           0.0029215
                 145,            0.051573,            0.050091,            0.012513,              0.3314,               0.206,             0.17022,            0.053377,            0.082314,            0.031706,            0.030647,            0.002872,            0.002872,            0.002872
                 146,            0.052304,            0.049542,            0.012931,             0.25772,             0.21621,              0.1529,            0.052798,            0.083609,            0.031867,            0.030643,           0.0028225,           0.0028225,           0.0028225
                 147,            0.051737,            0.051152,            0.012672,             0.29235,             0.16968,             0.14418,            0.045938,            0.082356,            0.033008,            0.031485,            0.002773,            0.002773,            0.002773
                 148,            0.052322,            0.049607,            0.013201,             0.34846,             0.16336,             0.16614,            0.062122,            0.082579,            0.032099,            0.030217,           0.0027235,           0.0027235,           0.0027235
                 149,            0.051068,            0.053603,            0.012757,             0.34149,             0.15463,             0.15161,            0.052032,            0.082861,            0.033362,            0.031206,            0.002674,            0.002674,            0.002674
                 150,            0.051547,            0.048687,            0.012703,             0.37114,             0.14119,             0.16621,            0.052141,            0.082707,            0.032769,            0.031242,           0.0026245,           0.0026245,           0.0026245
                 151,             0.05099,            0.051794,            0.013191,             0.33116,             0.12383,             0.14553,            0.039184,            0.084159,            0.033356,            0.031641,            0.002575,            0.002575,            0.002575
                 152,            0.051882,              0.0496,            0.012731,             0.23635,             0.20124,             0.14428,            0.050772,            0.083524,            0.032976,            0.032121,           0.0025255,           0.0025255,           0.0025255
                 153,            0.051757,            0.050468,            0.012388,             0.30668,             0.16186,             0.14168,            0.050569,            0.083642,            0.032589,            0.032584,            0.002476,            0.002476,            0.002476
                 154,            0.051471,            0.053506,             0.01218,             0.38606,             0.21445,             0.18506,            0.056952,            0.084145,            0.033098,            0.031622,           0.0024265,           0.0024265,           0.0024265
                 155,            0.051873,            0.053522,            0.013462,             0.30436,              0.1721,             0.13548,            0.041978,            0.084319,            0.033652,            0.032593,            0.002377,            0.002377,            0.002377
                 156,            0.050462,            0.050085,            0.012338,             0.50146,             0.16549,             0.20802,             0.05978,            0.085486,            0.031789,            0.033334,           0.0023275,           0.0023275,           0.0023275
                 157,            0.050993,            0.045851,            0.012631,              0.3351,             0.18572,             0.17418,            0.058494,            0.084823,            0.031557,            0.033664,            0.002278,            0.002278,            0.002278
                 158,            0.051154,            0.047013,            0.011951,             0.28566,             0.21766,             0.17737,            0.046308,            0.082657,            0.033117,            0.030084,           0.0022285,           0.0022285,           0.0022285
                 159,            0.050417,            0.051547,            0.012082,             0.32128,             0.23252,             0.16786,             0.05495,            0.082865,            0.033395,            0.028725,            0.002179,            0.002179,            0.002179
                 160,             0.05062,            0.050837,            0.012071,             0.33857,             0.21921,             0.18357,            0.059742,            0.083226,            0.032969,             0.02834,           0.0021295,           0.0021295,           0.0021295
                 161,            0.049834,             0.05006,            0.011999,             0.30611,             0.20435,             0.17931,            0.055413,            0.084826,            0.032924,            0.028926,             0.00208,             0.00208,             0.00208
                 162,            0.049024,            0.049975,            0.011762,             0.36697,              0.2063,             0.19013,            0.056347,            0.084954,            0.033169,            0.030359,           0.0020305,           0.0020305,           0.0020305
                 163,            0.048146,            0.048871,            0.011466,             0.32806,             0.17881,             0.17593,             0.06027,            0.084392,            0.032589,            0.030482,            0.001981,            0.001981,            0.001981
                 164,            0.048591,            0.049352,            0.011332,             0.25293,             0.18891,             0.14675,             0.04883,            0.084948,            0.032531,            0.030693,           0.0019315,           0.0019315,           0.0019315
                 165,            0.048677,            0.049165,            0.011627,             0.31078,             0.19179,             0.15875,            0.051889,            0.084986,            0.033446,            0.028651,            0.001882,            0.001882,            0.001882
                 166,            0.049965,            0.051684,            0.011876,             0.25669,              0.1857,             0.15643,            0.045529,               0.085,            0.032885,            0.030432,           0.0018325,           0.0018325,           0.0018325
                 167,            0.049104,             0.05051,            0.012029,             0.37632,             0.14164,             0.13792,             0.04406,            0.084959,            0.032447,            0.030579,            0.001783,            0.001783,            0.001783
                 168,            0.050252,            0.050013,            0.011981,             0.56568,             0.17207,             0.16832,            0.052371,            0.084308,            0.031667,            0.030446,           0.0017335,           0.0017335,           0.0017335
                 169,            0.047843,            0.047797,             0.01104,             0.41273,             0.19804,             0.17351,            0.057379,            0.084022,            0.031976,            0.030363,            0.001684,            0.001684,            0.001684
                 170,            0.049535,            0.049316,            0.011804,             0.44253,              0.1769,             0.18662,            0.054661,            0.083066,            0.032718,            0.030661,           0.0016345,           0.0016345,           0.0016345
                 171,            0.049251,            0.051332,            0.011313,             0.30079,             0.19425,             0.13838,            0.045019,             0.08405,             0.03373,            0.030125,            0.001585,            0.001585,            0.001585
                 172,            0.048001,            0.048248,            0.011044,             0.51034,             0.16647,             0.17227,            0.057577,            0.085189,            0.031944,             0.03143,           0.0015355,           0.0015355,           0.0015355
                 173,            0.047909,            0.048066,            0.011696,             0.44434,             0.19763,              0.1788,            0.066173,             0.08542,            0.031222,            0.031068,            0.001486,            0.001486,            0.001486
                 174,            0.050031,            0.050322,             0.01258,              0.4209,             0.18512,             0.18043,             0.06715,            0.085124,            0.031531,            0.031137,           0.0014365,           0.0014365,           0.0014365
                 175,             0.04811,            0.051482,            0.011186,              0.3572,             0.19046,             0.17342,            0.061308,            0.086064,             0.03108,            0.031796,            0.001387,            0.001387,            0.001387
                 176,            0.047853,            0.048209,            0.011121,             0.40009,             0.18036,             0.17287,            0.063147,            0.086052,            0.031622,            0.031485,           0.0013375,           0.0013375,           0.0013375
                 177,            0.048364,            0.050543,            0.011728,             0.54431,             0.17026,             0.20493,            0.066909,            0.084236,            0.032299,             0.03111,            0.001288,            0.001288,            0.001288
                 178,            0.049854,            0.048338,            0.012105,              0.3174,             0.21824,             0.19965,            0.064138,            0.083637,            0.032144,            0.030775,           0.0012385,           0.0012385,           0.0012385
                 179,            0.049092,            0.051742,            0.011774,             0.37102,             0.17787,             0.19479,             0.05906,            0.083996,            0.031822,            0.031544,            0.001189,            0.001189,            0.001189
                 180,            0.048535,            0.050065,             0.01177,             0.50436,             0.16016,             0.21274,            0.082796,            0.085576,            0.031093,            0.031508,           0.0011395,           0.0011395,           0.0011395
                 181,            0.047936,            0.048911,            0.011386,             0.45958,             0.20435,             0.20573,            0.078935,            0.084974,            0.031138,            0.032208,             0.00109,             0.00109,             0.00109
                 182,            0.047533,            0.048683,            0.011172,             0.47513,             0.20435,             0.19955,            0.066738,            0.084523,            0.031912,            0.032515,           0.0010405,           0.0010405,           0.0010405
                 183,            0.046664,            0.046772,            0.011078,             0.33566,             0.19425,             0.18729,            0.059459,            0.085292,            0.032544,            0.033595,            0.000991,            0.000991,            0.000991
                 184,            0.047504,            0.047408,            0.011379,             0.39752,             0.18851,             0.17782,            0.053253,            0.084644,            0.032357,            0.033742,           0.0009415,           0.0009415,           0.0009415
                 185,            0.048569,            0.049019,            0.011734,             0.51984,             0.17139,             0.19679,            0.063018,            0.083938,            0.032118,            0.032693,            0.000892,            0.000892,            0.000892
                 186,            0.048866,            0.047786,            0.011799,              0.4833,             0.19425,              0.2005,            0.064879,            0.083792,            0.032144,              0.0317,           0.0008425,           0.0008425,           0.0008425
                 187,            0.048967,            0.047005,             0.01183,             0.40872,             0.20911,             0.21409,            0.080315,            0.083519,            0.031918,            0.031238,            0.000793,            0.000793,            0.000793
                 188,            0.048344,            0.049481,            0.011696,             0.44759,             0.20552,              0.2081,             0.07652,             0.08414,            0.032125,             0.03176,           0.0007435,           0.0007435,           0.0007435
                 189,            0.048081,            0.046941,            0.011609,             0.33861,             0.20056,             0.18421,            0.075538,            0.084706,             0.03235,            0.031567,            0.000694,            0.000694,            0.000694
                 190,            0.047308,            0.049093,            0.011075,             0.45704,             0.20056,             0.19792,            0.069065,            0.084147,            0.032576,             0.03143,           0.0006445,           0.0006445,           0.0006445
                 191,            0.048562,            0.047302,            0.011726,             0.44343,             0.18036,             0.18761,            0.056304,             0.08366,            0.032756,            0.031718,            0.000595,            0.000595,            0.000595
                 192,            0.047991,            0.047889,            0.011688,              0.3358,             0.20814,             0.18355,            0.054772,            0.084145,            0.032905,            0.031764,           0.0005455,           0.0005455,           0.0005455
                 193,            0.046884,            0.048131,            0.011164,             0.31066,             0.21223,             0.18089,            0.065384,            0.084951,            0.032582,            0.031375,            0.000496,            0.000496,            0.000496
                 194,            0.047297,            0.049071,            0.010742,             0.36834,             0.15637,             0.18301,            0.069945,            0.085037,             0.03215,            0.031641,           0.0004465,           0.0004465,           0.0004465
                 195,             0.04717,            0.048383,            0.011457,              0.3899,             0.15637,             0.17686,            0.065819,             0.08467,            0.032086,            0.032034,            0.000397,            0.000397,            0.000397
                 196,            0.046874,            0.048448,            0.010816,             0.36669,             0.22679,             0.19933,            0.069192,            0.084128,            0.032331,            0.032639,           0.0003475,           0.0003475,           0.0003475
                 197,            0.046911,            0.051063,            0.010872,             0.37181,             0.20435,             0.19467,              0.0673,            0.084049,            0.032808,            0.032666,            0.000298,            0.000298,            0.000298
                 198,            0.045241,            0.048663,            0.010443,             0.33178,             0.21824,             0.18835,            0.065333,            0.084213,            0.032866,            0.032492,           0.0002485,           0.0002485,           0.0002485
                 199,            0.046881,            0.046587,            0.011067,             0.33232,             0.21485,             0.17913,            0.063268,              0.0842,            0.033117,            0.032245,            0.000199,            0.000199,            0.000199
